,SingleFamilyHousingAvgValue,CondoAvgValue,1-BedroomAvgValue,2-BedroomAvgValue,3-BedroomAvgValue,4-BedroomAvgValue,5+-BedroomAvgValue,City,State
0,217058.0,168761.0,168356.6,152586.0,205507.0,246398.0,269147.0,Mauldin, SC
1,426040.0,272959.0,232392.0,266659.0,377346.0,486333.0,665004.0,Ann Arbor, MI
2,563694.0,448918.0,412787.0,489094.0,558203.0,644181.0,718703.0,Anacortes, WA
3,153795.0,109827.0,65654.0,91142.0,157421.0,224186.0,315826.0,Wichita, KS
4,313790.0,172389.0,149424.0,193069.0,324978.0,424785.0,545135.0,West Palm Beach, FL
5,688968.0,459718.0,595242.0,540653.0,684997.0,774716.0,926010.0,Watsonville, CA
6,263291.0,162109.0,82614.0,171121.0,271465.0,379687.0,530237.0,Vero Beach, FL
7,143217.0,112477.0,78772.0,103009.0,137624.0,181408.0,230756.0,Urbana, IL
8,251307.0,168449.0,151726.0,197494.0,244325.0,303004.0,458338.0,Tucson, AZ
9,202956.0,130896.0,73937.0,130153.0,199913.0,272316.0,372227.0,Titusville, FL
10,137712.0,175666.0,94799.0,112745.0,135980.0,166375.0,190209.0,Syracuse, NY
11,368710.0,222514.0,200391.0,270185.0,350038.0,427451.0,494732.0,Stockton, CA
12,167228.0,156225.0,58844.0,91955.0,163157.0,258547.0,339422.0,Springfield, MO
13,206439.0,135031.0,109123.0,181767.0,209358.0,213681.0,224589.0,Springfield, MA
14,151362.0,114853.0,70447.0,84608.0,147685.0,232187.0,307432.0,Spartanburg, SC
15,243908.0,165807.0,122222.0,186842.0,225995.0,281885.0,412276.0,Sioux Falls, SD
16,838435.0,527305.0,494086.0,593519.0,803462.0,985343.0,1234018.0,San Luis Obispo, CA
17,206907.0,148812.0,104447.0,136251.0,192942.0,273577.0,364918.0,San Antonio, TX
18,505281.0,357858.0,328623.0,399705.0,483619.0,587980.0,804852.0,Salt Lake City, UT
19,188896.0,153134.0,90221.0,128707.0,179209.0,257940.0,377395.0,Roanoke, VA
20,271878.0,238857.0,204761.0,197993.0,256935.0,361594.0,686655.0,Richmond, VA
21,180128.0,217612.8,99289.0,115067.0,202932.0,297304.0,377069.0,Odessa, TX
22,213613.0,130524.0,110038.0,129096.0,209704.0,265988.0,346824.0,North Charleston, SC
23,694367.0,602846.0,575173.0,726108.0,677892.0,815457.0,1088310.0,New York, NY
24,232315.0,145968.0,125569.0,176104.0,226598.0,274120.0,435487.0,New Haven, CT
25,331897.0,266650.0,247392.0,260841.0,319250.0,439381.0,771347.0,Nashville, TN
26,792520.0,546489.0,600719.0,663517.0,741266.0,903665.0,1510940.0,Napa, CA
27,318954.0,248904.0,197449.0,278399.0,326117.0,388910.0,454848.0,Minneapolis, MN
28,152529.0,138417.0,164786.0,131701.0,159036.0,150183.0,139988.0,Milwaukee, WI
29,856638.0,453260.0,272337.0,470196.0,813814.0,1275633.0,2044182.0,Marco Island, FL
30,311839.0,189305.0,131702.0,240582.0,318324.0,335217.0,384639.0,Manchester, NH
31,348061.0,168179.0,128358.0,205156.0,310762.0,418284.0,491787.0,Los Alamos, NM
32,165261.0,139807.0,77780.0,77952.0,167130.0,271866.0,346853.0,Victoria, TX
33,108793.0,217612.8,69838.0,65633.0,143803.0,220832.0,294926.0,Texarkana, AR
34,334419.0,249120.0,225818.0,295488.0,350178.0,391138.0,516251.0,Taos, NM
35,1921182.0,1217617.0,688338.0,1140023.0,1661388.0,2176597.0,2439501.0,Sunnyvale, CA
36,127716.0,133766.0,46813.0,78075.0,130655.0,215895.0,334494.0,Springfield, IL
37,145549.0,217612.8,101064.0,119213.0,156315.0,179427.0,252830.0,Sioux City, IA
38,674714.0,298427.0,210619.0,380643.0,580061.0,876870.0,1313043.0,Scottsdale, AZ
39,823466.0,523849.0,387513.0,582051.0,765607.0,918514.0,1310671.0,San Diego, CA
40,596860.0,316957.0,332391.0,467183.0,574235.0,655961.0,717640.0,Salinas, CA
41,152571.0,139156.0,77380.0,87564.0,136978.0,180572.0,226561.0,Killeen, TX
42,97169.0,112639.0,62472.0,85686.0,112976.0,132102.0,136406.0,Rock Island, IL
43,326555.0,218222.0,229091.0,224067.0,282368.0,435470.0,618430.0,Raleigh, NC
44,136493.0,159608.0,100226.0,113545.0,138399.0,150047.0,153569.0,Racine, WI
45,170812.0,338276.0,152179.0,126979.0,175867.0,255394.0,399038.0,Pensacola, FL
46,96346.0,100527.0,64160.0,71169.0,95945.0,136438.0,218936.0,Pascagoula, MS
47,210661.0,106327.0,93220.0,148064.0,206265.0,253338.0,335270.0,Palm Bay, FL
48,419105.0,344432.0,325898.0,349025.0,414331.0,476804.0,529617.0,Olympia, WA
49,175231.0,77073.0,58353.0,129724.0,175558.0,250296.0,347609.0,Ocala, FL
50,438896.0,224056.0,199883.0,313946.0,416908.0,503902.0,526754.0,Juneau, AK
51,225865.0,172969.0,142709.0,164692.0,219824.0,329136.0,430448.0,Morgantown, WV
52,409943.0,307097.0,311845.0,327916.0,395118.0,474620.0,547545.0,Missoula, MT
53,161532.0,136157.0,93777.0,86539.0,156453.0,282610.0,456532.0,Lubbock, TX
54,160556.0,152035.0,148058.0,126722.0,156155.0,304555.0,455458.0,Little Rock, AR
55,183789.0,144663.0,157177.0,168523.0,184486.0,199051.0,220312.0,Lewiston, ME
56,278505.0,270040.0,154714.0,214051.0,276878.0,306619.0,353514.0,Lewiston, ID
57,253319.0,160773.0,132241.0,154593.0,224178.0,286521.0,376990.0,Iowa City, IA
58,164505.0,118992.0,168356.6,108849.0,180961.0,254660.0,310875.0,Laredo, TX
59,169229.0,174244.0,124862.0,120127.0,166766.0,239043.0,338109.0,Lafayette, IN
60,329176.0,222270.0,225739.0,226899.0,305447.0,373015.0,441812.0,Kennewick, WA
61,174761.0,213342.0,83048.0,102222.0,164075.0,227298.0,320846.0,Jefferson City, MO
62,123536.0,103543.0,69508.0,92028.0,143005.0,196490.0,283398.0,Harlingen, TX
63,218186.0,230983.0,137037.0,167845.0,213871.0,237424.0,303170.0,Great Falls, MT
64,251778.0,358693.0,271386.0,178789.0,253637.0,328595.0,381983.0,Fort Walton Beach, FL
65,144621.0,84892.0,84873.0,79568.0,131290.0,237132.0,324262.0,Fayetteville, NC
66,214473.0,203343.0,128584.0,168684.0,212973.0,264628.0,328274.0,Eau Claire, WI
67,216856.0,239688.0,149651.0,177959.0,217752.0,274507.0,344142.0,Duluth, MN
68,89318.0,172354.0,43029.0,64619.0,98306.0,124064.0,134100.0,Clinton, IA
69,282592.0,165076.0,102788.0,205885.0,299904.0,412074.0,674207.0,Clearwater, FL
70,121292.0,168721.0,53613.0,83710.0,121223.0,199578.0,258165.0,Canton, OH
71,119962.0,78396.0,65941.0,81208.0,133466.0,178361.0,227051.0,Brownsville, TX
72,163579.0,167800.0,91038.0,108497.0,150265.0,221289.0,284908.0,Biloxi, MS
73,570261.0,451656.0,366538.0,493290.0,527178.0,689895.0,939201.0,Bend, OR
74,547013.0,336934.0,335635.0,438668.0,530790.0,642413.0,714006.0,Bellingham, WA
75,342749.0,279774.0,268531.0,273976.0,344533.0,494012.0,698350.0,Asheville, NC
76,240054.0,169291.0,121855.0,161855.0,227455.0,290376.0,349741.0,Arlington, TX
77,178490.0,59534.0,57243.0,109071.0,175632.0,190246.0,263906.0,Hartford, CT
78,161867.0,219581.0,170425.0,95705.0,150741.0,207046.0,267936.0,Effingham, IL
79,300673.0,184533.0,147952.0,206682.0,311785.0,375947.0,434741.0,Walla Walla, WA
80,158102.0,119306.0,78193.0,94851.0,156839.0,292799.0,403760.0,Waco, TX
81,216149.0,112484.0,92356.0,121687.0,199884.0,339352.0,496513.0,Tallahassee, FL
82,325076.0,251984.0,194075.0,240099.0,293635.0,410879.0,486781.0,State College, PA
83,473370.0,297750.0,271442.0,356645.0,435593.0,510696.0,617387.0,Fort Collins, CO
84,103937.0,123643.0,47414.0,72058.0,110413.0,149763.0,169572.0,Rockford, IL
85,487065.0,315105.0,292664.0,382773.0,456292.0,544116.0,656461.0,Riverside, CA
86,184982.0,142535.0,107271.0,125189.0,177059.0,271888.0,324207.0,Radford, VA
87,230624.0,166827.0,114291.0,165448.0,242963.0,286448.0,347778.0,Pueblo, CO
88,192056.0,163863.0,118131.0,128686.0,193893.0,275437.0,328102.0,Panama City, FL
89,286104.0,219474.0,201443.0,229464.0,276617.0,307049.0,367411.0,Ogden, UT
90,116413.0,217612.8,76496.0,87456.0,123370.0,123697.0,117674.0,Niagara Falls, NY
91,248367.0,145368.0,100059.0,152003.0,222456.0,313483.0,380281.0,Myrtle Beach, SC
92,176930.0,158535.0,112534.0,127095.0,189448.0,233594.0,307121.0,Lynchburg, VA
93,739949.0,452013.0,389709.0,578332.0,764436.0,883579.0,1047797.0,Long Beach, CA
94,89059.0,65553.0,27153.0,36296.0,93986.0,160333.0,202463.0,Lawton, OK
95,356420.0,202146.0,148423.0,272476.0,368611.0,502359.0,680731.0,Lake Havasu City, AZ
96,177318.0,184432.0,100652.0,118980.0,174158.0,249609.0,299682.0,Lake Charles, LA
97,116528.0,162131.0,48115.0,69174.0,123846.0,177186.0,214279.0,Kokomo, IN
98,199289.0,158091.0,116580.0,146495.0,195418.0,296650.0,395318.0,Kingman, AZ
99,131637.0,142627.0,58394.0,77196.0,134240.0,202862.0,328750.0,Joplin, MO
100,204180.0,155140.0,122519.0,163297.0,197825.0,277263.0,326529.0,Hanover, PA
101,168733.0,171652.0,103607.0,129689.0,171996.0,199311.0,229029.0,Green Bay, WI
102,554613.0,315368.0,292933.0,336479.0,453761.0,621279.0,796286.0,Franklin, TN
103,161826.0,101099.0,168356.6,86875.0,153262.0,269269.0,342981.0,Florence, SC
104,145475.0,98741.0,73135.0,88623.0,150323.0,231685.0,296140.0,Edinburg, TX
105,116272.0,97043.0,95027.0,90102.0,129678.0,159422.0,199627.0,Douglas, AZ
106,194351.0,172964.0,103319.0,131106.0,186739.0,286197.0,380993.0,Columbus, IN
107,301773.0,175077.0,176798.0,213292.0,284183.0,327804.0,429093.0,Cheyenne, WY
108,165719.0,100599.0,81723.0,115265.0,161919.0,231328.0,318485.0,Cedar Rapids, IA
109,222417.0,160392.0,108553.0,182115.0,201096.0,236722.0,302220.0,Brookings, SD
110,291656.0,166304.0,93159.0,190056.0,293783.0,421851.0,519603.0,Bradenton, FL
111,670479.0,660231.0,575478.0,684955.0,667000.0,738864.0,836074.0,Boston, MA
112,199336.0,108507.0,87034.0,125144.0,183986.0,301862.0,518814.0,Baton Rouge, LA
113,186682.0,117403.0,98189.0,140524.0,187167.0,240164.0,271292.0,Athens, OH
114,279173.0,240331.0,138225.0,201781.0,289786.0,353670.0,391134.0,Yakima, WA
115,183354.0,227974.0,91397.0,135382.0,185972.0,237130.0,234165.0,Winona, MN
116,163180.0,94197.0,78567.0,103004.0,150271.0,217186.0,306335.0,Columbia, SC
117,369280.0,235949.0,241660.0,267857.0,338748.0,406072.0,493503.0,Colorado Springs, CO
118,262117.0,172011.0,176360.0,198289.0,216434.0,311910.0,418222.0,West Lafayette, IN
119,771792.0,472706.0,418323.0,615437.0,733794.0,964751.0,1475817.0,Washington, DC
120,106036.0,217612.8,53746.0,91529.0,113412.0,117752.0,150444.0,Warren, PA
121,176013.0,217612.8,118071.0,139743.0,194793.0,364988.2,471339.7,Tyler, TX
122,258573.0,197711.0,139252.0,181123.0,244500.0,289436.0,340567.0,Twin Falls, ID
123,197546.0,171841.0,125533.0,169245.0,199238.0,217467.0,228195.0,Troy, NY
124,210549.0,200587.0,141424.0,177870.0,193565.0,253302.0,248066.0,Trenton, NJ
125,135569.0,66817.0,49842.0,71835.0,144835.0,217543.0,300032.0,Topeka, KS
126,296106.0,182646.0,160315.0,225700.0,285213.0,420566.0,705117.0,Tampa, FL
127,116340.0,88262.0,50104.0,38650.0,121922.0,233556.0,363269.0,Shreveport, LA
128,217177.0,208572.0,129115.0,167854.0,204731.0,272596.0,299044.0,Schenectady, NY
129,376440.0,250798.0,223480.0,267170.0,339000.0,465776.0,698070.0,Charleston, SC
130,156306.0,127954.0,126147.0,118366.0,147681.0,233861.0,323868.0,Champaign, IL
131,396921.0,374064.0,341903.0,341546.0,387411.0,472250.0,656939.0,Portland, ME
132,237734.0,178508.0,145212.0,170918.0,241087.0,301025.0,400662.0,Porterville, CA
133,322453.0,213971.0,189141.0,246069.0,303297.0,384018.0,546569.0,Phoenix, AZ
134,112853.0,104123.0,168356.6,63315.0,124702.0,200562.0,267526.0,North Little Rock, AR
135,226000.0,110469.0,151389.0,175181.0,227234.0,280112.0,354525.0,Casper, WY
136,293158.0,249306.0,224767.0,244962.0,259650.0,321367.0,407255.0,New Braunfels, TX
137,117651.0,233611.0,96156.0,100355.0,130888.0,124919.0,131742.0,Muskegon, MI
138,123559.0,161293.0,74765.0,92823.0,139581.0,142495.0,151449.0,Beloit, WI
139,324829.0,217161.0,196785.0,236752.0,306161.0,391439.0,502045.0,Madison, WI
140,292790.9,217612.8,168356.6,209384.9,280657.7,246620.0,305921.0,Morganton, NC
141,114398.0,171394.0,61736.0,83296.0,132037.0,178624.0,202888.0,Lansing, MI
142,190751.0,156676.0,137527.0,152315.0,188391.0,228961.0,236249.0,Rutland, VT
143,202690.0,174079.0,115660.0,153838.0,203680.0,257257.0,308272.0,Janesville, WI
144,153944.0,139821.0,102907.0,132183.0,165537.0,151971.0,127842.0,Sheboygan, WI
145,171355.0,217612.8,168356.6,156622.0,157979.0,209987.0,349664.0,Portage, MI
146,35623.0,98454.0,23311.0,25947.0,40301.0,63215.0,69845.0,Flint, MI
147,1086219.0,648518.0,464112.0,627101.0,918167.0,1174710.0,1445638.0,Carlsbad, CA
148,257465.0,235698.0,204154.0,212181.0,245729.0,295600.0,413891.0,Holland, MI
149,174269.0,195775.0,100706.0,124165.0,168571.0,239965.0,342058.0,Kalamazoo, MI
150,313218.0,263352.0,209252.0,247093.0,316661.0,368259.0,396555.0,Longview, WA
151,433900.0,264619.0,228763.0,338438.0,423446.0,547927.0,630194.0,Lodi, CA
152,185497.0,160146.0,111488.0,144434.0,174164.0,261527.0,257534.0,Lebanon, PA
153,1621875.0,803283.0,616388.0,836944.0,1223331.0,1751056.0,2744256.0,Cambridge, MA
154,183544.0,100436.0,96988.0,123405.0,181048.0,290033.0,500094.0,Lafayette, LA
155,141880.0,124043.0,168356.6,54472.0,144856.0,243166.0,333957.0,Jackson, TN
156,277730.0,223785.0,169311.0,184745.0,244069.0,264400.0,346370.0,Idaho Falls, ID
157,213677.0,144161.0,121360.0,154606.0,194704.0,258039.0,420274.0,Houston, TX
158,163937.0,159741.0,104140.0,148361.0,164815.0,201541.0,240687.0,Hagerstown, MD
159,124116.0,154399.0,70202.0,77114.0,136370.0,224537.0,346633.0,Fort Smith, AR
160,197379.0,115257.0,105634.0,144937.0,217436.0,254197.0,273942.0,Fairbanks, AK
161,389313.0,238480.0,282272.0,313469.0,374793.0,464311.0,527521.0,Eugene, OR
162,240927.0,184572.0,88172.0,163857.0,221194.0,266724.0,306386.0,East Lansing, MI
163,137327.0,101396.0,92099.0,93471.0,148200.0,224663.0,301299.0,Bristol, TN
164,259484.0,192835.0,146477.0,199631.0,236699.0,478499.0,930712.0,Dallas, TX
165,266487.0,133734.0,102224.0,184145.0,263405.0,280205.0,307430.0,Bridgeport, CT
166,181764.0,168878.0,119879.0,144135.0,202110.0,274737.0,390093.0,Corpus Christi, TX
167,178917.0,145764.0,91544.0,112070.0,163638.0,259947.0,360434.0,Conway, AR
168,267649.0,152130.0,119562.0,159305.0,227258.0,304837.0,437064.0,College Station, TX
169,417784.0,210764.0,240185.0,306390.0,406093.0,551869.0,669607.0,Chico, CA
170,393320.0,296167.0,242101.0,317102.0,366210.0,437386.0,519063.0,Burlington, VT
171,394171.0,232849.0,289368.0,323817.0,398944.0,435051.0,467641.0,Bremerton, WA
172,287489.0,209423.0,155537.0,201488.0,273349.0,308762.0,388970.0,Billings, MT
173,292790.9,217612.8,168356.6,43627.0,280657.7,364988.2,62735.0,Benton Harbor, MI
174,72791.0,250800.0,55705.0,63077.0,75030.0,80290.0,84927.0,Bay City, MI
175,206242.0,204870.0,163363.0,177396.0,210124.0,235477.0,244213.0,Auburn, ME
176,84396.0,120851.0,48426.0,61193.0,95952.0,146479.0,207965.0,Ashland, KY
177,99294.0,129229.0,77711.0,90407.0,97956.0,118944.0,147454.0,Altoona, PA
178,227082.0,154120.0,149080.0,186585.0,223518.0,265114.0,308318.0,Albany, NY
179,146806.0,113838.0,77659.0,72316.0,149882.0,213648.0,256243.0,Washington, NC
180,1254802.0,559546.0,501301.0,587379.0,1020139.0,1304784.0,1557994.0,Bellevue, WA
181,138387.0,86678.0,68681.0,94989.0,145758.0,191882.0,267489.0,Muscatine, IA
182,131496.0,100598.0,94124.0,97888.0,153022.0,254102.0,361609.0,Beaumont, TX
183,182451.0,149207.0,141033.0,151890.0,176652.0,213894.0,259646.0,Bangor, ME
184,168831.0,180992.0,147970.0,169987.0,162360.0,214386.0,290409.0,Baltimore, MD
185,290527.0,170555.0,134812.0,181840.0,263765.0,340893.0,409516.0,Bakersfield, CA
186,366470.0,217612.8,168356.6,209384.9,341741.0,424957.0,498599.0,Yuba City, CA
187,280126.0,159804.0,175508.0,187409.0,256396.0,385981.0,458290.0,Winchester, VA
188,270243.0,216654.0,126985.0,201392.0,261885.0,306096.0,309250.0,Waukesha, WI
189,188170.0,159305.0,133430.0,152562.0,182747.0,245011.0,256104.0,Vineland, NJ
190,478707.0,307037.0,326834.0,395837.0,456221.0,561378.0,646000.0,Vallejo, CA
191,87159.0,106389.0,168356.6,64557.0,92694.0,132289.0,153154.0,Toledo, OH
192,828783.0,503785.0,329908.0,454592.0,669521.0,881601.0,1129305.0,Thousand Oaks, CA
193,177772.0,186945.0,104579.0,123795.0,196155.0,268282.0,292823.0,Thibodaux, LA
194,175259.0,177689.0,102814.0,109205.0,171480.0,223875.0,275226.0,Temple, TX
195,121206.0,121145.0,56273.0,83367.0,137437.0,186254.0,205323.0,Springfield, OH
196,243620.0,145047.0,116270.0,171622.0,232518.0,344330.0,486180.0,Sanford, FL
197,1216793.0,713254.0,580839.0,779930.0,1109225.0,1312848.0,1631985.0,San Jose, CA
198,145449.0,148273.0,51998.0,84516.0,145763.0,238007.0,352380.0,Owensboro, KY
199,287722.0,254500.0,158364.0,222167.0,291242.0,388899.0,544745.0,Ormond Beach, FL
200,157990.0,93673.0,66744.0,93804.0,159580.0,241480.0,362940.0,Oklahoma City, OK
201,194761.0,135305.0,90759.0,164152.0,196743.0,221519.0,266783.0,Norwich, CT
202,377532.0,262526.0,150061.0,265126.0,360885.0,429018.0,451875.0,Nashua, NH
203,435910.0,312471.0,373107.0,360163.0,426918.0,484987.0,545929.0,Mount Vernon, WA
204,148232.0,181017.0,71146.0,87196.0,160663.0,236817.0,349383.0,Morristown, TN
205,124136.0,129900.0,40828.0,44595.0,126651.0,222592.0,342824.0,Monroe, LA
206,112403.0,141374.0,70451.0,89376.0,116501.0,140914.0,176661.0,Moline, IL
207,292970.0,248343.0,174121.0,196092.0,287383.0,331138.0,403602.0,Madera, CA
208,222393.0,184054.0,188567.0,177198.0,224640.0,303753.0,370211.0,Lincoln, NE
209,100208.0,117859.0,58682.0,67337.0,107032.0,157012.0,197307.0,Lima, OH
210,151829.0,128189.0,67506.0,84030.0,159480.0,256741.0,370469.0,Kingsport, TN
211,187276.0,182274.0,75452.0,120054.0,191304.0,244630.0,291050.0,Jasper, IN
212,54936.0,104406.0,64744.0,29169.0,60447.0,160278.0,274527.0,Jackson, MS
213,182890.0,217612.8,168356.6,101373.0,163097.0,222537.0,287575.0,Houghton, MI
214,140155.0,190194.0,70911.0,85507.0,132464.0,190815.0,270684.0,Gulfport, MS
215,349571.0,229715.0,244440.0,274984.0,358296.0,461531.0,521768.0,Grants Pass, OR
216,298348.0,197458.0,174771.0,222158.0,285595.0,382437.0,494503.0,Grand Junction, CO
217,277951.0,177387.0,95221.0,175407.0,263486.0,371020.0,447132.0,Fort Myers, FL
218,410040.0,318876.0,208710.0,341397.0,461281.0,723276.0,2075886.0,Fort Lauderdale, FL
219,458941.0,285046.0,208965.0,303156.0,429072.0,561018.0,720564.0,Flagstaff, AZ
220,242830.0,170972.0,167634.0,169332.0,219856.0,333118.0,505934.0,Fayetteville, AR
221,147886.0,164518.0,55415.0,90401.0,164573.0,237588.0,302463.0,Evansville, IN
222,282004.0,241288.0,143479.0,221635.0,273268.0,309756.0,366113.0,Elko, NV
223,78769.0,94405.0,47809.0,56951.0,84650.0,136449.0,185139.0,Dayton, OH
224,152931.0,190739.0,84261.0,116947.0,163425.0,231487.0,317239.0,Council Bluffs, IA
225,191996.0,99172.0,122362.0,125175.0,186620.0,241400.0,290883.0,Conway, SC
226,381213.0,187182.0,182231.0,241845.0,332134.0,460327.0,623576.0,Charlottesville, VA
227,268518.0,175454.0,122668.0,186379.0,258749.0,308854.0,405222.0,Cape Coral, FL
228,948037.0,420275.0,341690.0,520432.0,849490.0,1069840.0,1397798.0,Boulder, CO
229,192480.0,190321.0,116375.0,145778.0,184826.0,255186.0,369762.0,Appleton, WI
230,81016.0,131044.0,45753.0,63607.0,102770.0,130037.0,117520.0,Anderson, IN
231,327516.0,222806.0,230224.0,248308.0,317989.0,389785.0,444497.0,Albany, OR
232,84363.0,146090.0,54873.0,68915.0,90885.0,114421.0,115066.0,Akron, OH
233,190157.0,224336.0,60858.0,130556.0,166026.0,208943.0,293591.0,Marshall, MN
234,200984.0,164594.0,142557.0,165306.0,192379.0,262638.0,297883.0,Chambersburg, PA
235,209391.0,158176.0,139632.0,157211.0,191796.0,272708.0,270708.0,Yuma, AZ
236,201281.0,93616.0,77575.0,131604.0,196887.0,251025.0,325050.0,Winter Haven, FL
237,371884.0,256366.0,243709.0,287434.0,374149.0,459341.0,511769.0,Wenatchee, WA
238,50520.0,144034.0,28302.0,40195.0,51875.0,71933.0,86466.0,Warren, OH
239,136703.0,72205.0,90599.0,74686.0,129757.0,222385.0,298692.0,Warner Robins, GA
240,412884.0,369257.0,307817.0,347705.0,410298.0,472407.0,558506.0,Tacoma, WA
241,72899.0,190533.0,26730.0,57615.0,75977.0,107827.0,101777.0,Steubenville, OH
242,186206.0,202111.0,117767.0,131697.0,191999.0,249418.0,275837.0,La Porte, IN
243,628459.0,302452.0,198044.0,358364.0,549849.0,710428.0,907634.0,Stamford, CT
244,392193.0,256425.0,195389.0,236360.0,361192.0,486051.0,511721.0,South Burlington, VT
245,162831.0,102981.0,71904.0,133276.0,184677.0,247390.0,362547.0,Sebring, FL
246,136097.0,229700.0,71666.0,102358.0,162777.0,185148.0,253361.0,Scottsbluff, NE
247,655885.0,383717.0,376052.0,533759.0,632035.0,751386.0,1072907.0,Santa Rosa, CA
248,364147.0,289447.0,292294.0,255766.0,305738.0,411495.0,543099.0,Round Rock, TX
249,240667.0,251208.0,173068.0,167176.0,207233.0,353238.0,489074.0,Rogers, AR
250,274192.0,155988.0,149606.0,198762.0,239739.0,313114.0,467002.0,Rochester, MN
251,393316.0,397144.0,322583.0,341098.0,380944.0,463196.0,549538.0,Redmond, OR
252,466193.0,245918.0,262185.0,316278.0,471435.0,590135.0,670628.0,Prescott, AZ
253,400265.0,230356.0,346967.0,230978.0,334325.0,385080.0,452479.0,Orem, UT
254,473221.0,257553.0,179964.0,300523.0,467395.0,556772.0,737219.0,Norwalk, CT
255,336477.0,217897.0,134665.0,183836.0,294037.0,404383.0,524690.0,North Myrtle Beach, SC
256,72609.0,123937.0,29150.0,33560.0,92875.0,128968.0,153361.0,Muskogee, OK
257,362244.0,231127.0,229268.0,275297.0,353899.0,436536.0,532685.0,Modesto, CA
258,301082.0,222390.0,202769.0,219385.0,283465.0,345772.0,409995.0,Merced, CA
259,151956.0,180581.0,83002.0,104998.0,151863.0,236181.0,318262.0,Massillon, OH
260,135999.0,183952.0,74483.0,109701.0,145075.0,158206.0,158496.0,Manitowoc, WI
261,230617.0,157628.0,121129.0,152405.0,213688.0,320566.0,463513.0,Lexington, KY
262,200981.0,138980.0,132315.0,145403.0,194586.0,252136.0,339450.0,Las Cruces, NM
263,204160.0,125137.0,87186.0,147067.0,210328.0,288273.0,368218.0,Lakeland, FL
264,234935.0,200595.0,125473.0,152229.0,227460.0,349094.0,485787.0,Knoxville, TN
265,559995.0,534851.0,507073.0,590609.0,580270.0,579917.0,621283.0,Jersey City, NJ
266,225188.0,148976.0,120000.0,141656.0,207313.0,292217.0,403423.0,Jacksonville, FL
267,182252.0,177516.0,91129.0,123191.0,180821.0,268954.0,320620.0,Houma, LA
268,197504.0,137195.0,83528.0,124789.0,194587.0,307868.0,403543.0,Hickory, NC
269,152516.0,127606.0,94064.0,97242.0,157525.0,260578.0,353886.0,Hattiesburg, MS
270,228236.0,212487.0,155889.0,160347.0,215663.0,351075.0,586277.0,Greenville, SC
271,237589.0,140505.0,87736.0,140453.0,219591.0,324421.0,502622.0,Gainesville, FL
272,285191.0,190672.0,174412.0,209466.0,264328.0,369626.0,470487.0,Durham, NC
273,80428.0,94045.0,31149.0,37077.0,88134.0,132272.0,153956.0,Decatur, IL
274,216680.0,142325.0,117553.0,129847.0,192650.0,266439.0,303021.0,Crestview, FL
275,183710.0,150139.0,168356.6,149107.0,184978.0,228029.0,256456.0,Corcoran, CA
276,80846.0,146912.0,100352.0,79124.0,87455.0,71919.0,62485.0,Cleveland, OH
277,290701.0,218497.0,194248.0,207590.0,256106.0,371944.0,552517.0,Charlotte, NC
278,197297.0,108148.0,114744.0,138856.0,194239.0,271813.0,342470.0,Bryan, TX
279,156128.0,267365.0,80755.0,110005.0,155402.0,188744.0,195332.0,Bridgeton, NJ
280,181246.0,128832.0,80514.0,103708.0,154003.0,242450.0,335377.0,Bloomington, IL
281,770837.0,435018.0,503970.0,534660.0,732755.0,981060.0,1316646.0,Arroyo Grande, CA
282,378976.0,239253.0,197550.0,236186.0,340497.0,430437.0,524204.0,Anchorage, AK
283,245801.0,177085.0,154993.0,186294.0,237037.0,315793.0,391279.0,Albuquerque, NM
284,115207.0,149455.0,60269.0,93490.0,123273.0,167082.0,208705.0,Ashland, OH
285,279670.0,158070.0,171767.0,180039.0,255070.0,386861.0,538094.0,Wilmington, NC
286,115752.0,87921.0,72260.0,86212.0,130809.0,160628.0,245108.0,Waterloo, IA
287,169079.0,122802.0,156948.0,86480.0,174587.0,207893.0,189984.0,Warren, MI
288,290493.0,208051.0,163532.0,192316.0,273366.0,367327.0,466281.0,Visalia, CA
289,137757.0,146930.0,103423.0,126815.0,140999.0,139829.0,126176.0,Utica, NY
290,147697.0,81127.0,66044.0,98065.0,146857.0,275588.0,439528.0,Tulsa, OK
291,310207.0,241782.0,188864.0,234748.0,303151.0,352164.0,437452.0,Spokane, WA
292,124790.0,171565.0,74313.0,81186.0,137291.0,182432.0,232785.0,South Bend, IN
293,292467.0,218340.0,182811.0,210004.0,303878.0,372303.0,455388.0,Sheridan, WY
294,116063.0,115025.0,89893.0,96316.0,112261.0,134471.0,153284.0,Scranton, PA
295,325954.0,219585.0,159195.0,238531.0,327171.0,494997.0,698702.0,Sarasota, FL
296,1497688.0,1179447.0,876262.0,1330351.0,1617235.0,1985622.0,2575640.0,San Francisco, CA
297,369973.0,181760.0,181061.0,300657.0,366765.0,420365.0,528170.0,San Bernardino, CA
298,177830.0,133444.0,90772.0,124680.0,178251.0,259461.0,323300.0,Salisbury, MD
299,335903.0,240862.0,219441.0,262785.0,326051.0,405953.0,454083.0,Salem, OR
300,414504.0,318090.0,311207.0,367124.0,386196.0,460940.0,589105.0,Sacramento, CA
301,108424.0,92039.0,43203.0,49112.0,112974.0,192995.0,238036.0,Rocky Mount, NC
302,360110.0,271067.0,185726.0,225084.0,328527.0,403436.0,454219.0,Richland, WA
303,386351.0,268890.0,239223.0,272744.0,318961.0,380576.0,508727.0,Provo, UT
304,202701.0,250263.0,139316.0,175551.0,204672.0,251320.0,322257.0,Pittsfield, MA
305,91778.0,92591.0,29629.0,46739.0,99075.0,173180.0,279980.0,Peoria, IL
306,231689.0,301684.0,249727.0,251737.0,204376.0,290080.0,517641.0,New Orleans, LA
307,429483.0,271327.0,164891.0,256789.0,387279.0,603524.0,1018097.0,Naples, FL
308,290152.0,270448.0,248158.0,210840.0,263280.0,344339.0,377380.0,Murfreesboro, TN
309,153455.0,79766.0,54099.0,87543.0,143848.0,240946.0,334882.0,Mission, TX
310,330601.0,196771.0,159128.0,249839.0,310078.0,387849.0,525347.0,Mesa, AZ
311,270378.0,144854.0,110354.0,170507.0,250452.0,385860.0,520039.0,Melbourne, FL
312,216374.0,126500.0,88040.0,169857.0,196843.0,257161.0,324778.0,Sierra Vista, AZ
313,330939.0,169596.0,135862.0,216166.0,302879.0,378137.0,493995.0,Las Vegas, NV
314,253515.0,139573.0,101417.0,160928.0,238240.0,275507.0,346491.0,Kissimmee, FL
315,164197.0,217612.8,128662.0,120084.0,167758.0,215282.0,240936.0,Indiana, PA
316,1087035.0,452671.0,395445.0,564294.0,978244.0,1166610.0,1235219.0,Honolulu, HI
317,245837.0,173030.0,175957.0,174231.0,225969.0,315325.0,404467.0,Harrisonburg, VA
318,275500.0,196525.0,158863.0,187764.0,267604.0,341255.0,411698.0,Hanford, CA
319,238707.0,143535.0,143748.0,166337.0,235502.0,303884.0,320045.0,Hammonton, NJ
320,230459.0,241508.0,174043.0,157797.0,210283.0,284485.0,347569.0,Fort Worth, TX
321,164285.0,162103.0,62868.0,94618.0,153885.0,232505.0,328675.0,Fort Wayne, IN
322,521136.0,260072.0,304494.0,373720.0,451891.0,565452.0,692835.0,Fairfield, CA
323,130416.0,112786.0,68840.0,94944.0,128692.0,163632.0,166516.0,Elyria, OH
324,190910.0,164123.0,79208.0,116684.0,185983.0,268972.0,368567.0,Elizabethtown, KY
325,155597.0,114296.0,97347.0,110007.0,153030.0,207969.0,313017.0,El Paso, TX
326,46642.0,247695.0,179041.0,38615.0,46713.0,65407.0,126334.0,Detroit, MI
327,160906.0,172429.0,112778.0,130479.0,172610.0,203741.0,249271.0,Des Moines, IA
328,203865.0,121622.0,107913.0,156645.0,213431.0,279837.0,347598.0,Daytona Beach, FL
329,97030.0,106697.0,41465.0,69897.0,99844.0,135342.0,141632.0,Cumberland, MD
330,268872.0,155732.0,140902.0,161391.0,240139.0,333495.0,399199.0,Concord, NC
331,204876.0,189302.0,109796.0,151621.0,200863.0,260605.0,299557.0,Christiansburg, VA
332,266425.0,335576.0,247906.0,276642.0,280549.0,337917.0,373067.0,Chicago, IL
333,454731.0,226882.0,256967.0,254314.0,367258.0,537154.0,688390.0,Chapel Hill, NC
334,419530.0,230385.0,163898.0,243894.0,330416.0,412454.0,602234.0,Carmel, IN
335,169739.0,155805.0,125316.0,144073.0,170724.0,185669.0,198324.0,Buffalo, NY
336,185048.0,211794.0,64800.0,99099.0,174994.0,295554.0,392754.0,Bowling Green, KY
337,304955.0,149929.0,148422.0,189375.0,284849.0,364086.0,467767.0,Blacksburg, VA
338,310465.0,173125.0,123188.0,189588.0,254299.0,301229.0,382902.0,Bismarck, ND
339,419565.0,250857.0,184531.0,307796.0,404983.0,462426.0,536822.0,Aurora, CO
340,723839.0,502116.0,409995.0,515558.0,687572.0,771715.0,974688.0,Anaheim, CA
341,150863.0,132924.0,68377.0,81635.0,157764.0,258077.0,348046.0,Amarillo, TX
342,198903.0,146017.0,134195.0,169451.0,192727.0,293298.0,158388.0,Allentown, PA
343,89713.0,104091.0,53131.0,31176.0,86154.0,194355.0,258224.0,Albany, GA
344,871805.0,523423.0,486208.0,702463.0,851798.0,1025831.0,1172071.0,Seattle, WA
345,194658.0,164934.0,135899.0,165360.0,195271.0,214535.0,265791.0,Wyoming, MI
346,314470.0,196318.0,160707.0,257966.0,311627.0,354805.0,439261.0,Worcester, MA
347,251822.0,161906.0,141152.0,154068.0,200177.0,381226.0,526898.0,Wilmington, DE
348,163108.0,162070.0,88850.0,114858.0,159080.0,208810.0,303482.0,Wausau, WI
349,251587.0,170884.0,181081.0,188549.0,257194.0,286064.0,346619.0,Sebastian, FL
350,1105552.0,651932.0,746323.0,902069.0,1146680.0,1473041.0,1800002.0,Santa Cruz, CA
351,1461128.0,854497.0,569691.0,926923.0,1411034.0,1631165.0,1803433.0,Santa Clara, CA
352,1380714.0,756391.0,711926.0,987116.0,1333278.0,1580576.0,2357451.0,Santa Barbara, CA
353,540742.0,342369.0,277037.0,411626.0,485829.0,593086.0,707152.0,Roseville, CA
354,137706.0,217612.8,91973.0,116796.0,138425.0,161455.0,161455.0,Rome, NY
355,292790.9,217612.8,168356.6,209384.9,280657.7,364988.2,471339.7,Rochester, NY
356,476254.0,262314.0,200004.0,331952.0,447462.0,577170.0,754916.0,Reno, NV
357,241132.0,247987.0,138748.0,195918.0,236541.0,277682.0,359437.0,Rapid City, SD
358,523547.0,369622.0,373008.0,446734.0,493963.0,628753.0,731528.0,Portland, OR
359,210804.0,237670.0,159824.0,166425.0,195199.0,265292.0,353204.0,Portage, MI
360,67412.0,217612.8,69188.0,60973.0,114684.0,163370.0,189384.0,Port Arthur, TX
361,214214.0,210222.0,194918.0,158010.0,200160.0,225761.0,295231.0,Pocatello, ID
362,563505.0,481801.0,401203.0,467321.0,509433.0,612979.0,698854.0,Oxnard, CA
363,289808.0,145665.0,118948.0,180133.0,263149.0,341327.0,430159.0,Orlando, FL
364,523711.0,384819.0,299075.0,408913.0,506579.0,563813.0,656566.0,Ontario, CA
365,929814.0,669736.0,571482.0,741503.0,996264.0,1359886.0,1598496.0,Oakland, CA
366,238348.0,172400.0,121949.0,175754.0,241121.0,301143.0,379029.0,North Port, FL
367,139702.0,173346.0,108976.0,116773.0,140679.0,182129.0,254692.0,Niles, MI
368,354975.0,240370.0,278530.0,283754.0,304133.0,321920.0,394447.0,Newark, NJ
369,215999.0,117910.0,78112.0,177920.0,208973.0,250728.0,334710.0,New London, CT
370,362009.0,226704.0,174850.0,288053.0,350958.0,435683.0,498629.0,Milford, CT
371,439895.0,336198.0,274607.0,383431.0,474911.0,525770.0,912364.0,Miami, FL
372,866054.0,644525.0,583530.0,719170.0,798467.0,960505.0,1786640.0,Los Angeles, CA
373,164079.0,90897.0,70210.0,116778.0,173350.0,264636.0,398244.0,Longview, TX
374,127004.0,103113.0,104594.0,77634.0,142262.0,221768.0,253136.0,Lenoir, NC
375,443009.0,338914.0,321176.0,351281.0,425116.0,494376.0,577078.0,Hillsboro, OR
376,169456.0,95893.0,51722.0,76497.0,162424.0,272290.0,343042.0,High Point, NC
377,385675.0,191674.0,154155.0,291629.0,348185.0,432979.0,532873.0,Henderson, NV
378,181962.0,159071.0,108504.0,155834.0,183347.0,249850.0,89651.0,Harrisburg, PA
379,172942.0,94741.0,61976.0,85438.0,158046.0,275645.0,384653.0,Greenville, NC
380,190643.0,112484.0,91081.0,111170.0,175091.0,304385.0,434259.0,Greensboro, NC
381,350286.0,346153.0,262526.0,285798.0,337959.0,372029.0,414692.0,Greeley, CO
382,207983.0,259320.0,193345.0,180003.0,210529.0,242891.0,310810.0,Grand Rapids, MI
383,131216.0,171006.0,83897.0,104839.0,131221.0,173913.0,199554.0,Erie, PA
384,87477.0,146036.0,20475.0,36289.0,112114.0,191363.0,217788.0,Enid, OK
385,273538.0,145883.0,134625.0,145662.0,241652.0,310312.0,384344.0,El Centro, CA
386,209477.0,152330.0,126407.0,154187.0,197686.0,252020.0,282026.0,Dover, DE
387,543840.0,329313.0,302797.0,437247.0,534718.0,676618.0,883718.0,Denver, CO
388,205800.0,154592.0,128705.0,144800.0,196447.0,275659.0,321741.0,Columbus, OH
389,219705.0,135926.0,126385.0,124901.0,190381.0,277986.0,397693.0,Columbia, MO
390,323761.0,229267.0,266221.0,262538.0,313319.0,322396.0,366498.0,Clearfield, UT
391,169241.0,112241.0,74356.0,75951.0,153546.0,260375.0,394836.0,Bossier City, LA
392,499663.0,371423.0,315692.0,433237.0,443658.0,574243.0,800081.0,Austin, TX
393,140079.0,117477.0,99493.0,142498.0,130864.0,167759.0,235480.0,Atlantic City, NJ
394,112808.0,126429.0,61388.0,53873.0,106418.0,237082.0,326957.0,Alexandria, LA
